timestamp,rank,title,link
2026-02-23 01:12:21 UTC,1,"Mescal and Abrams go red carpet official, a 'strong language' apology and other Bafta highlights",https://www.bbc.co.uk/news/articles/c86ygl6821go
2026-02-23 01:12:21 UTC,2,Zelensky tells BBC Putin has started WW3 and must be stopped,https://www.bbc.co.uk/news/articles/cvgj9p15y87o
2026-02-23 01:12:21 UTC,3,Mexico's most wanted drug lord 'El Mencho' killed in military operation,https://www.bbc.co.uk/news/articles/cy4wywnrdd8o
2026-02-23 01:12:21 UTC,4,Hamnet's Jessie Buckley and I Swear's Robert Aramayo win big at the Baftas,https://www.bbc.co.uk/news/articles/czx7e100r48o
2026-02-23 01:12:21 UTC,5,Greenland says 'no thanks' to Trump US hospital boat,https://www.bbc.co.uk/news/articles/cy7jnvdzpr7o
2026-02-23 01:12:21 UTC,6,Firefighters tackling large blaze at school,https://www.bbc.co.uk/news/articles/c15xwk8dnpgo
2026-02-23 01:12:21 UTC,7,"Billions in SEND funding to make schools more inclusive, ministers say",https://www.bbc.co.uk/news/articles/c8r1pmz3zgzo
2026-02-23 01:12:21 UTC,8,Brown urges police probe into whether Andrew used RAF bases to meet Epstein,https://www.bbc.co.uk/news/articles/cj0dme87l84o
2026-02-23 01:12:21 UTC,9,Baftas 2026: The winners list in full,https://www.bbc.co.uk/news/articles/crk8687yeyzo
2026-02-23 01:12:21 UTC,10,"Met officers working for Andrew told to guard Epstein's home, emails show",https://www.bbc.co.uk/news/articles/cz9qkjvg033o
2026-02-23 04:12:57 UTC,1,"Mescal and Abrams go red carpet official, a 'strong language' apology and other Bafta highlights",https://www.bbc.co.uk/news/articles/c86ygl6821go
2026-02-23 04:12:57 UTC,2,"William 'not calm, but carrying on' after Andrew arrest and a Bafta for Buckley",https://www.bbc.co.uk/news/articles/cy8lg27wvn1o
2026-02-23 04:12:57 UTC,3,Zelensky tells BBC Putin has started WW3 and must be stopped,https://www.bbc.co.uk/news/articles/cvgj9p15y87o
2026-02-23 04:12:57 UTC,4,Powerful winter storm slams US northeast as NYC issues travel ban,https://www.bbc.co.uk/news/articles/c75ere6z4weo
2026-02-23 04:12:57 UTC,5,Hamnet's Jessie Buckley and I Swear's Robert Aramayo win big at the Baftas,https://www.bbc.co.uk/news/articles/czx7e100r48o
2026-02-23 04:12:57 UTC,6,Mexico's most wanted drug lord 'El Mencho' killed in military operation,https://www.bbc.co.uk/news/articles/cy4wywnrdd8o
2026-02-23 04:12:57 UTC,7,Last surviving teacher of Aberfan disaster still remembers faces of the children who died,https://www.bbc.co.uk/news/articles/cx2407zy9zxo
2026-02-23 04:12:57 UTC,8,Firefighters tackling large blaze at school,https://www.bbc.co.uk/news/articles/c15xwk8dnpgo
2026-02-23 04:12:57 UTC,9,"Billions in SEND funding to make schools more inclusive, ministers say",https://www.bbc.co.uk/news/articles/c8r1pmz3zgzo
2026-02-23 04:12:57 UTC,10,'I thought I was going to die' - Woman calls for tighter weight-loss jabs checks,https://www.bbc.co.uk/news/articles/cy9gd52r4gro
2026-02-23 05:58:39 UTC,1,"Andrew charged taxpayers for massage when envoy, claim ex-civil servants",https://www.bbc.co.uk/news/articles/cdr232j8kgvo
2026-02-23 05:58:39 UTC,2,"Mescal and Abrams go red carpet official, a 'strong language' apology and other key Bafta moments",https://www.bbc.co.uk/news/articles/c86ygl6821go
2026-02-23 05:58:39 UTC,3,"William 'not calm, but carrying on' after Andrew arrest and a Bafta for Buckley",https://www.bbc.co.uk/news/articles/cy8lg27wvn1o
2026-02-23 05:58:39 UTC,4,Zelensky tells BBC Putin has started WW3 and must be stopped,https://www.bbc.co.uk/news/articles/cvgj9p15y87o
2026-02-23 05:58:39 UTC,5,Powerful winter storm slams US northeast as NYC issues travel ban,https://www.bbc.co.uk/news/articles/c75ere6z4weo
2026-02-23 05:58:39 UTC,6,Hamnet's Jessie Buckley and I Swear's Robert Aramayo win big at the Baftas,https://www.bbc.co.uk/news/articles/czx7e100r48o
2026-02-23 05:58:39 UTC,7,Last surviving teacher of Aberfan disaster still remembers faces of the children who died,https://www.bbc.co.uk/news/articles/cx2407zy9zxo
2026-02-23 05:58:39 UTC,8,Mexico's most wanted drug lord 'El Mencho' killed in military operation,https://www.bbc.co.uk/news/articles/cy4wywnrdd8o
2026-02-23 05:58:39 UTC,9,"Billions in SEND funding to make schools more inclusive, ministers say",https://www.bbc.co.uk/news/articles/c8r1pmz3zgzo
2026-02-23 05:58:39 UTC,10,Firefighters tackling large blaze at school,https://www.bbc.co.uk/news/articles/c15xwk8dnpgo
2026-02-23 07:03:26 UTC,1,"Mescal and Abrams go red carpet official, a 'strong language' apology and other key Bafta moments",https://www.bbc.co.uk/news/articles/c86ygl6821go
2026-02-23 07:03:26 UTC,2,"Four years into its full-scale war in Ukraine, Russia is feeling the effects",https://www.bbc.co.uk/news/articles/c4gj20xzw39o
2026-02-23 07:03:26 UTC,3,"Andrew charged taxpayers for massage when envoy, claim ex-civil servants",https://www.bbc.co.uk/news/articles/cdr232j8kgvo
2026-02-23 07:03:26 UTC,4,"William 'not calm, but carrying on' after Andrew arrest and a Bafta for Buckley",https://www.bbc.co.uk/news/articles/cy8lg27wvn1o
2026-02-23 07:03:26 UTC,5,Zelensky tells BBC Putin has started WW3 and must be stopped,https://www.bbc.co.uk/news/articles/cvgj9p15y87o
2026-02-23 07:03:26 UTC,6,Violence erupts in Mexico after drug lord El Mencho killed,https://www.bbc.co.uk/news/articles/c795qgejzpxo
2026-02-23 07:03:26 UTC,7,Hamnet's Jessie Buckley and I Swear's Robert Aramayo win big at the Baftas,https://www.bbc.co.uk/news/articles/czx7e100r48o
2026-02-23 07:03:26 UTC,8,Last surviving teacher of Aberfan disaster still remembers faces of the children who died,https://www.bbc.co.uk/news/articles/cx2407zy9zxo
2026-02-23 07:03:26 UTC,9,"Billions in SEND funding to make schools more inclusive, ministers say",https://www.bbc.co.uk/news/articles/c8r1pmz3zgzo
2026-02-23 07:03:26 UTC,10,Powerful winter storm slams US north-east as NYC issues travel ban,https://www.bbc.co.uk/news/articles/c75ere6z4weo
2026-02-23 08:36:32 UTC,1,"Andrew charged taxpayers for massage when envoy, claim ex-civil servants",https://www.bbc.co.uk/news/articles/cdr232j8kgvo
2026-02-23 08:36:32 UTC,2,"Four years into its full-scale war in Ukraine, Russia is feeling the effects",https://www.bbc.co.uk/news/articles/c4gj20xzw39o
2026-02-23 08:36:32 UTC,3,"Mescal and Abrams go red carpet official, William's 'I'm not calm' comment and other key Bafta moments",https://www.bbc.co.uk/news/articles/c86ygl6821go
2026-02-23 08:36:32 UTC,4,"William 'not calm, but carrying on' after Andrew arrest and a Bafta for Buckley",https://www.bbc.co.uk/news/articles/cy8lg27wvn1o
2026-02-23 08:36:32 UTC,5,Last surviving teacher of Aberfan disaster still remembers faces of the children who died,https://www.bbc.co.uk/news/articles/cx2407zy9zxo
2026-02-23 08:36:32 UTC,6,Violence erupts in Mexico after drug lord El Mencho killed,https://www.bbc.co.uk/news/articles/c795qgejzpxo
2026-02-23 08:36:32 UTC,7,Zelensky tells BBC Putin has started WW3 and must be stopped,https://www.bbc.co.uk/news/articles/cvgj9p15y87o
2026-02-23 08:36:32 UTC,8,Hamnet's Jessie Buckley and I Swear's Robert Aramayo win big at the Baftas,https://www.bbc.co.uk/news/articles/czx7e100r48o
2026-02-23 08:36:32 UTC,9,Powerful winter storm slams US north-east as NYC issues travel ban,https://www.bbc.co.uk/news/articles/c75ere6z4weo
2026-02-23 08:36:32 UTC,10,Firefighters tackling large blaze at school,https://www.bbc.co.uk/news/articles/c15xwk8dnpgo
2026-02-23 09:42:16 UTC,1,"Andrew charged taxpayers for massage services when envoy, claim ex-civil servants",https://www.bbc.co.uk/news/articles/cdr232j8kgvo
2026-02-23 09:42:16 UTC,2,"Four years into its full-scale war in Ukraine, Russia is feeling the effects",https://www.bbc.co.uk/news/articles/c4gj20xzw39o
2026-02-23 09:42:16 UTC,3,"Mescal and Abrams go red carpet official, William's 'I'm not calm' comment and other key Bafta moments",https://www.bbc.co.uk/news/articles/c86ygl6821go
2026-02-23 09:42:16 UTC,4,Violence erupts in Mexico after drug lord El Mencho killed,https://www.bbc.co.uk/news/articles/c795qgejzpxo
2026-02-23 09:42:16 UTC,5,"William 'not calm, but carrying on' after Andrew arrest and a Bafta for Buckley",https://www.bbc.co.uk/news/articles/cy8lg27wvn1o
2026-02-23 09:42:16 UTC,6,Zelensky tells BBC Putin has started WW3 and must be stopped,https://www.bbc.co.uk/news/articles/cvgj9p15y87o
2026-02-23 09:42:16 UTC,7,Last surviving teacher of Aberfan disaster still remembers faces of the children who died,https://www.bbc.co.uk/news/articles/cx2407zy9zxo
2026-02-23 09:42:16 UTC,8,Hamnet's Jessie Buckley and I Swear's Robert Aramayo win big at the Baftas,https://www.bbc.co.uk/news/articles/czx7e100r48o
2026-02-23 09:42:16 UTC,9,Firefighters tackling large blaze at school,https://www.bbc.co.uk/news/articles/c15xwk8dnpgo
2026-02-23 09:42:16 UTC,10,'I thought I was going to die' - Woman calls for tighter weight-loss jabs checks,https://www.bbc.co.uk/news/articles/cy9gd52r4gro
2026-02-23 10:39:32 UTC,1,"Andrew charged taxpayers for massage services when envoy, claim ex-civil servants",https://www.bbc.co.uk/news/articles/cdr232j8kgvo
2026-02-23 10:39:32 UTC,2,"Four years into its full-scale war in Ukraine, Russia is feeling the effects",https://www.bbc.co.uk/news/articles/c4gj20xzw39o
2026-02-23 10:39:32 UTC,3,Violence erupts in Mexico after drug lord El Mencho killed,https://www.bbc.co.uk/news/articles/c795qgejzpxo
2026-02-23 10:39:32 UTC,4,"Mescal and Abrams go red carpet official, William's 'I'm not calm' comment and other key Bafta moments",https://www.bbc.co.uk/news/articles/c86ygl6821go
2026-02-23 10:39:32 UTC,5,Zelensky tells BBC Putin has started WW3 and must be stopped,https://www.bbc.co.uk/news/articles/cvgj9p15y87o
2026-02-23 10:39:32 UTC,6,Last surviving teacher of Aberfan disaster still remembers faces of the children who died,https://www.bbc.co.uk/news/articles/cx2407zy9zxo
2026-02-23 10:39:32 UTC,7,"William 'not calm, but carrying on' after Andrew arrest and a Bafta for Buckley",https://www.bbc.co.uk/news/articles/cy8lg27wvn1o
2026-02-23 10:39:32 UTC,8,Hamnet's Jessie Buckley and I Swear's Robert Aramayo win big at the Baftas,https://www.bbc.co.uk/news/articles/czx7e100r48o
2026-02-23 10:39:32 UTC,9,Firefighters tackling large blaze at school,https://www.bbc.co.uk/news/articles/c15xwk8dnpgo
2026-02-23 10:39:32 UTC,10,'I thought I was going to die' - Woman calls for tighter weight-loss jabs checks,https://www.bbc.co.uk/news/articles/cy9gd52r4gro
